"['/cfb/players/bryce-gilbert-1.html', 'custom_href/bryce-gilbert-1']",52,likely,
"['/cfb/players/ethan-hemer-1.html', 'custom_href/ethan-herner-1']",80,likely,
"['/cfb/players/travis-frederick-1.html', 'custom_href/travis-frederick-1']",64,likely,
"['/cfb/players/kevin-zeitler-1.html', 'custom_href/kevin-zeitler-1']",58,likely,
"['/cfb/players/gabe-carimi-1.html', 'custom_href/gabe-carimi-1']",48,likely,
"['custom_href/jeffrey-stehle-1', '/cfb/players/jeff-stehle-1.html']",74,likely,
"['/cfb/players/darevon-chance-1.html', '/cfb/players/dareyon-chance-1.html']",64,likely,
"['/cfb/players/j-schroeder-1.html', '/cfb/players/j-schroeder-2.html']",55,likely,
"['/cfb/players/mike-molina-1.html', '/cfb/players/mike-molinari-1.html']",74,unsure,mismatching names and pos_group
"['/cfb/players/brodrick-jenkins-1.html', 'custom_href/broderick-jenkins-1']",74,likely,
"['/cfb/players/devon-brown-1.html', '/cfb/players/devon-brown-3.html']",63,likely,
"['/cfb/players/brad-starks-1.html', '/cfb/players/bradley-starks-1.html', 'custom_href/brad-starks-1']",55,unsure,likely not same player
"['custom_href/don-barclay-1', '/cfb/players/don-barclay-1.html']",56,likely,
"['/cfb/players/josh-jenkins-3.html', 'custom_href/josh-jenkins-1']",74,likely,
"['custom_href/jt-thomas-1', '/cfb/players/jt-thomas-1.html']",53,likely,
"['/cfb/players/erich-wilson-1.html', '/cfb/players/erich-wilson-ii-1.html']",55,likely,
"['custom_href/cody-habben-1', 'custom_href/habben-cody-1', '/cfb/players/cody-habben-3.html']",67,likely,
"['/cfb/players/ryan-tolar-1.html', 'custom_href/ryan-tolar-1']",57,likely,
"['/cfb/players/daniel-simmons-1.html', 'custom_href/dan-simmons-1']",69,likely,
"['/cfb/players/bj-guerra-1.html', 'custom_href/bj-guerra-1']",48,likely,
"['custom_href/allen-ramesy-1', '/cfb/players/allen-ramsey-1.html']",64,likely,
"['/cfb/players/gabe-irby-1.html', 'custom_href/gabe-irby-1']",48,likely,
"['/cfb/players/joe-looney-1.html', 'custom_href/joe-looney-1']",57,likely,
"['/cfb/players/phillip-sims-1.html', '/cfb/players/phillip-sims-2.html']",62,likely,
"['/cfb/players/oday-aboushi-1.html', 'custom_href/oday-aboushi-1']",46,likely,
"['/cfb/players/morgan-moses-1.html', 'custom_href/morgan-moses-1']",58,likely,
"['custom_href/austin-pasztor-1', '/cfb/players/austin-pasztor-1.html']",50,likely,
"['/cfb/players/david-wang-1.html', 'custom_href/david-nang-1']",73,likely,
"['/cfb/players/eric-martin-4.html', 'custom_href/eric-martin-1']",71,likely,
"['/cfb/players/blake-dechristopher-1.html', 'custom_href/blake-dechristopher-1']",46,likely,
"['/cfb/players/andrew-lanier-1.html', 'custom_href/andrew-lanier-1']",58,likely,
"['/cfb/players/greg-nosal-1.html', 'custom_href/greg-nosal-1']",55,likely,
"['/cfb/players/michael-via-1.html', 'custom_href/michael-via-1']",78,likely,
"['/cfb/players/wesley-johnson-1.html', 'custom_href/wesley-johnson-1']",71,likely,
"['/cfb/players/kyle-fischer-1.html', 'custom_href/kyle-fischer-1']",50,likely,
"['/cfb/players/tray-herndon-1.html', '/cfb/players/tray-herndon-2.html']",59,likely,
"['/cfb/players/geoffrey-norwood-1.html', '/cfb/players/geoff-norwood-1.html']",43,likely,
"['/cfb/players/moe-lee-1.html', '/cfb/players/mo-lee-1.html']",67,likely,
"['/cfb/players/aiona-key-1.html', '/cfb/players/aiona-key-2.html']",64,likely,
"['/cfb/players/ben-hendy-1.html', '/cfb/players/ben-hendy-2.html']",50,likely,
"['/cfb/players/terell-thompson-1.html', '/cfb/players/terrell-thompson-1.html']",76,likely,
"['/cfb/players/tay-glover-wright-1.html', '/cfb/players/devonta-glover-wright-1.html']",47,likely,
"['/cfb/players/alfred-bowden-1.html', '/cfb/players/alfred-bowen-1.html']",67,likely,
"['/cfb/players/shaquelle-evans-1.html', '/cfb/players/shaquelle-evans-2.html']",59,likely,
"['/cfb/players/brandon-willis-4.html', '/cfb/players/brandon-willis-2.html']",67,likely,
"['/cfb/players/jerry-rice-jr-1.html', '/cfb/players/jerry-rice-jr-2.html']",67,likely,
"['custom_href/mike-harris-1', '/cfb/players/mike-harris-6.html']",61,likely,
"['/cfb/players/kevin-craft-1.html', '/cfb/players/kevin-craft-2.html']",63,likely,
"['/cfb/players/cody-green-1.html', '/cfb/players/cody-green-2.html']",57,likely,
"['/cfb/players/rob-kelley-1.html', '/cfb/players/robert-kelley-1.html']",75,likely,
"['/cfb/players/devin-boutte-1.html', '/cfb/players/devin-bouttee-1.html']",67,likely,
"['/cfb/players/justyn-shackleford-1.html', '/cfb/players/justyn-shackelford-1.html']",53,likely,
"['/cfb/players/eldrick-washington-1.html', '/cfb/players/kendrick-washington-1.html']",71,unsure,mismatching names and pos_group
"['custom_href/dj-ponder-1', '/cfb/players/dj-ponder-1.html']",56,likely,
"['/cfb/players/camren-hudson-1.html', '/cfb/players/cameron-hudson-1.html']",56,likely,
"['/cfb/players/emanuel-dudley-1.html', '/cfb/players/emmanuel-dudley-1.html']",55,likely,
"['/cfb/players/chaz-whittaker-1.html', '/cfb/players/chaz-whitaker-1.html']",52,likely,
"['/cfb/players/malcolm-brown-2.html', '/cfb/players/malcom-brown-1.html', '/cfb/players/malcolm-brown-3.html']",70,unsure,too many players in one season
"['/cfb/players/jordan-hicks-1.html', '/cfb/players/nick-jordan-1.html']",69,unsure,likely not same player
"['/cfb/players/alex-de-la-torre-1.html', 'custom_href/de-la-torre-1', '/cfb/players/de-la-torre-1.html']",62,likely,
"['/cfb/players/sheroid-evans-1.html', '/cfb/players/sherold-evans-1.html']",67,likely,
"['/cfb/players/anthony-fera-1.html', '/cfb/players/anthony-fera-2.html']",50,likely,
"['/cfb/players/domnique-jones-1.html', '/cfb/players/dominique-jones-1.html']",72,likely,
"['/cfb/players/dravannti-johnson-1.html', 'custom_href/dravannti-johnson-1']",74,likely,
"['custom_href/michael-huey-1', '/cfb/players/michael-huey-1.html']",54,likely,
"['custom_href/kyle-nix-1', 'custom_href/kyle-hix-1']",48,likely,
"['custom_href/sam-ocho-1', '/cfb/players/sam-acho-1.html']",53,likely,
"['/cfb/players/michael-brewer-3.html', '/cfb/players/michael-brewer-2.html', '/cfb/players/michael-brewer-4.html']",67,likely,
"['custom_href/summit-hogue-1', '/cfb/players/summitt-hogue-1.html']",55,likely,
"['/cfb/players/terry-mcdaniel-1.html', 'custom_href/terry-mcdaniel-1']",57,likely,
"['/cfb/players/deveric-gallington-1.html', 'custom_href/deveric-gallington-1']",47,likely,
"['/cfb/players/laadrian-waddle-1.html', 'custom_href/laadrian-waddle-1']",56,likely,
"['/cfb/players/justin-keown-1.html', 'custom_href/justin-keown-1']",67,likely,
"['custom_href/frank-mitchem-1', '/cfb/players/franklin-mitchem-1.html']",55,likely,
"['/cfb/players/andy-erickson-1.html', '/cfb/players/andy-erickson-2.html']",52,likely,
"['/cfb/players/lavorick-williams-1.html', '/cfb/players/lavorick-williams-2.html']",73,likely,
"['/cfb/players/royzell-smith-1.html', '/cfb/players/royzelll-smith-1.html']",67,likely,
"['/cfb/players/melvin-stephenson-ii-1.html', '/cfb/players/melvin-stephenson-1.html']",52,likely,
"['/cfb/players/chucky-hunter-1.html', '/cfb/players/chuck-hunter-2.html']",63,likely,
"['/cfb/players/aundre-dean-1.html', '/cfb/players/aundre-dean-2.html']",55,likely,
"['/cfb/players/david-stoltzman-1.html', '/cfb/players/david-stolzman-1.html']",67,likely,
"['/cfb/players/ed-wesley-1.html', 'custom_href/ed-wesley-1']",55,likely,
"['/cfb/players/jake-kirkpatrick-1.html', 'custom_href/jake-kirkpatrick-1']",47,likely,
"['custom_href/josh-vernon-1', 'custom_href/josh-vernnon-1']",61,likely,
"['custom_href/steve-jenkins-1', '/cfb/players/steven-jenkins-1.html']",50,likely,
"['/cfb/players/toney-hurd-jr-1.html', '/cfb/players/tony-hurd-jr-1.html', '/cfb/players/toney-hurd-jr-2.html']",55,unsure,too many players in one season
"['/cfb/players/floyd-raven-1.html', '/cfb/players/floyd-raven-sr-1.html', '/cfb/players/floyd-raven-sr-3.html']",50,likely,
"['/cfb/players/patrick-lewis-1.html', 'custom_href/patrick-lewis-1']",56,likely,
"['/cfb/players/jonathan-mathis-1.html', 'custom_href/johnathan-mathis-1']",71,likely,
"['/cfb/players/luke-joeckel-1.html', 'custom_href/luke-joeckel-1']",58,likely,
"['/cfb/players/matt-allen-2.html', 'custom_href/matt-allen-1']",62,likely,
"['custom_href/evan-elke-1', '/cfb/players/evan-eike-1.html']",52,likely,
"['/cfb/players/marlin-lane-jr-1.html', '/cfb/players/marlin-lane-jr-2.html']",61,likely,
"['/cfb/players/deanthoine-summerhill-1.html', '/cfb/players/deanthonie-summerhill-1.html']",52,likely,
"['/cfb/players/jordan-williams-2.html', '/cfb/players/dan-williams-2.html']",76,likely,
"['/cfb/players/gerlaldo-orta-1.html', '/cfb/players/geraldo-orta-1.html']",57,likely,
"['/cfb/players/james-stone-1.html', 'custom_href/james-stone-1']",64,likely,
"['custom_href/matt-simms-1', '/cfb/players/matt-simms-1.html']",57,likely,
"['custom_href/cody-sullins-1', 'custom_href/cory-sullins-1']",64,likely,
"['custom_href/blaze-caponergo-1', '/cfb/players/blaze-caponegro-1.html']",48,likely,
"['/cfb/players/kadeem-custis-1.html', '/cfb/players/kadeem-custia-1.html']",48,likely,
"['/cfb/players/ryan-norton-2.html', '/cfb/players/ryan-nortan-1.html']",59,likely,
"['/cfb/players/rishard-anderson-2.html', '/cfb/players/rishard-anderson-1.html']",65,likely,
"['/cfb/players/andrew-phillips-1.html', 'custom_href/andrew-phillips-2']",71,likely,
"['/cfb/players/justin-pugh-1.html', 'custom_href/justin-pugh-1']",45,likely,
"['/cfb/players/ryan-bartholomew-1.html', 'custom_href/ryan-bartholomew-1']",57,likely,
"['/cfb/players/andrew-tiller-1.html', 'custom_href/andrew-tiller-1']",71,likely,
"['custom_href/ej-carter-1', '/cfb/players/earl-ej-carter-1.html']",80,likely,
"['/cfb/players/david-decastro-1.html', 'custom_href/david-decastro-1']",63,likely,
"['/cfb/players/matthew-masifilo-1.html', 'custom_href/matt-masifilo-1']",48,likely,
"['/cfb/players/chase-beeler-1.html', 'custom_href/chase-beeler-1']",56,likely,
"['/cfb/players/nate-whitaker-1.html', '/cfb/players/nate-whitaker-2.html']",53,likely,
"['/cfb/players/tom-keiser-1.html', 'custom_href/thomas-keiser-1']",55,likely,
"['/cfb/players/dominique-sullivan-1.html', '/cfb/players/dominque-sullivan-1.html']",45,likely,
"['/cfb/players/rakeem-nunez-roches-1.html', '/cfb/players/rakeem-nunez-1.html']",42,likely,
"['/cfb/players/darrion-richardson-1.html', '/cfb/players/jr-richardson-1.html']",77,unsure,likely not same player
"['/cfb/players/horace-richardson-1.html', '/cfb/players/jr-richardson-1.html']",79,unsure,likely not same player
"['/cfb/players/darrion-richardson-1.html', '/cfb/players/horace-richardson-1.html', '/cfb/players/jr-richardson-1.html']",87,unsure,too many players in one season
"['/cfb/players/austin-fuller-1.html', '/cfb/players/austin-fuller-2.html']",59,likely,
"['/cfb/players/jj-mcdermott-1.html', '/cfb/players/jj-mcdermott-2.html']",43,likely,
"['/cfb/players/blake-mcjunkin-1.html', 'custom_href/blake-mcjunkin-1']",54,likely,
"['/cfb/players/kelly-turner-1.html', 'custom_href/kelly-turner-1']",48,likely,
"['/cfb/players/jr-richardson-1.html', '/cfb/players/james-richardson-1.html']",79,likely,
"['/cfb/players/bryce-tennison-1.html', 'custom_href/bryce-tennison-1']",59,likely,
"['/cfb/players/matt-szymanski-1.html', '/cfb/players/matt-szymanski-2.html']",48,likely,
"['/cfb/players/jalen-cope-fitzpatrick-1.html', '/cfb/players/jalen-cope-fitzpatric-1.html']",46,likely,
"['/cfb/players/joshua-shaw-1.html', '/cfb/players/josh-shaw-3.html']",56,likely,
"['/cfb/players/matt-kalil-1.html', 'custom_href/matt-kalil-1']",48,likely,
"['/cfb/players/dajohn-harris-2.html', '/cfb/players/dajohn-harris-1.html']",71,likely,
"['custom_href/tyson-smith-1', '/cfb/players/tyron-smith-1.html']",63,likely,
"['/cfb/players/michael-morgan-2.html', '/cfb/players/michael-morgan-1.html']",80,likely,
"['custom_href/damian-williams-1', '/cfb/players/damian-williams-1.html']",57,likely,
"['/cfb/players/jordan-congdon-1.html', '/cfb/players/jordan-congdon-2.html']",60,likely,
"['/cfb/players/jon-lejiste-1.html', '/cfb/players/john-lejiste-1.html']",56,likely,
"['custom_href/chris-lane-1', '/cfb/players/chris-lane-3.html']",67,likely,
"['/cfb/players/jessie-hester-jr-1.html', '/cfb/players/jessie-hester-2.html']",47,likely,
"['/cfb/players/gerald-dixon-2.html', '/cfb/players/gerald-dixon-jr-1.html']",55,likely,
"['/cfb/players/kyle-nunn-2.html', 'custom_href/kyle-nunn-1']",40,likely,
"['custom_href/garrett-chisholm-1', 'custom_href/garrett-chisolm-1']",63,likely,
"['/cfb/players/hutch-eckerson-1.html', 'custom_href/hutch-eckerson-1']",56,likely,
"['custom_href/jarriel-king-1', '/cfb/players/jarriel-king-1.html']",50,likely,
"['/cfb/players/ross-metheny-1.html', '/cfb/players/ross-metheny-2.html']",46,likely,
"['/cfb/players/davin-hawkins-1.html', '/cfb/players/david-hawkins-1.html']",52,unsure,likely not same player
"['/cfb/players/bj-scott-1.html', '/cfb/players/bj-scott-3.html']",40,likely,
"['/cfb/players/hansel-wilson-1.html', '/cfb/players/hansell-wilson-1.html']",54,likely,
"['/cfb/players/damon-ogburn-jr-1.html', '/cfb/players/damon-ogburn-jr-2.html']",50,likely,
"['custom_href/deleon-eskridge-2', '/cfb/players/deleon-eskridge-1.html']",50,likely,
"['/cfb/players/zach-dilley-1.html', '/cfb/players/zack-dilley-1.html']",61,likely,
"['/cfb/players/drew-westling-1.html', '/cfb/players/drew-westling-2.html']",59,likely,
"['/cfb/players/jamil-merrell-1.html', '/cfb/players/jamal-merrell-1.html']",50,likely,
"['/cfb/players/tim-wright-2.html', 'custom_href/tim-wright-1']",53,likely,
"['/cfb/players/antwan-lowery-1.html', 'custom_href/antwan-lowery-1']",53,likely,
"['/cfb/players/desmond-wynn-1.html', 'custom_href/desmond-wynn-1']",56,likely,
"['/cfb/players/san-san-te-1.html', '/cfb/players/san-san-1.html']",53,likely,
"['/cfb/players/domenic-natale-1.html', '/cfb/players/domenic-natale-2.html']",52,likely,
"['/cfb/players/davon-allen-1.html', 'custom_href/davon-allen-1']",50,likely,
"['/cfb/players/jake-hicks-1.html', 'custom_href/jake-hicks-1']",57,likely,
"['/cfb/players/john-thomas-shepherd-1.html', 'custom_href/john-shepherd-1']",63,likely,
"['/cfb/players/dolapo-macarthy-1.html', '/cfb/players/macarthy-dolapo-1.html']",47,likely,
"['/cfb/players/normondo-harris-1.html', '/cfb/players/normando-harris-1.html']",54,likely,
"['/cfb/players/michael-rouse-iii-1.html', '/cfb/players/michael-rouse-1.html']",54,likely,
"['/cfb/players/rick-schmeig-1.html', 'custom_href/rick-schmeig-1']",50,likely,
"['/cfb/players/dennis-kelly-1.html', 'custom_href/dennis-kelly-1']",44,likely,
"['/cfb/players/nick-mondek-1.html', 'custom_href/nick-mondek-1']",52,likely,
"['/cfb/players/ray-vinopal-1.html', '/cfb/players/ray-vinopal-2.html']",50,likely,
"['/cfb/players/hubie-graham-1.html', '/cfb/players/hubie-graham-2.html']",54,likely,
"['/cfb/players/khaynin-mosley-smith-1.html', 'custom_href/k-mosley-smith-1']",63,likely,
"['/cfb/players/zach-brown-3.html', '/cfb/players/zach-brown-4.html']",67,likely,
"['/cfb/players/jordan-gibbs-1.html', 'custom_href/jordan-gibbs-1']",50,likely,
"['custom_href/lucas-nix-1', '/cfb/players/lucas-nix-1.html']",45,likely,
"['custom_href/jason-pinkston-1', '/cfb/players/jason-pinkston-2.html']",56,likely,
"['custom_href/mick-williams-1', '/cfb/players/ernest-mick-williams-1.html']",85,likely,
"['/cfb/players/brandon-felder-1.html', 'custom_href/brandon-moseby-felder-1']",77,likely,
"['/cfb/players/alex-kenney-2.html', '/cfb/players/alex-kenney-1.html']",61,likely,
"['custom_href/nyeem-wartman-1', '/cfb/players/nyeem-wartman-1.html', '/cfb/players/nyeem-wartman-2.html']",55,likely,
"['custom_href/gary-wooten-1', '/cfb/players/gary-wooten-1.html']",48,likely,
"['/cfb/players/jordan-hill-2.html', 'custom_href/jordan-hill-1']",71,likely,
"['/cfb/players/pete-massaro-1.html', 'custom_href/pete-massaro-1']",50,likely,
"['/cfb/players/stephon-morris-1.html', 'custom_href/stephon-morris-1']",50,likely,
"['/cfb/players/quinn-barham-1.html', 'custom_href/quinn-barham-1']",52,likely,
"['/cfb/players/deontae-pannell-1.html', 'custom_href/deontae-pannell-1']",54,likely,
"['/cfb/players/johnnie-troutman-1.html', 'custom_href/johnnie-troutman-1']",52,likely,
"['/cfb/players/stephfon-green-1.html', 'custom_href/stephfon-green-1']",56,likely,
"['custom_href/chima-okoli-1', '/cfb/players/chimaeze-okoli-1.html']",55,likely,
"['custom_href/lou-eliades-1', '/cfb/players/lou-eliades-1.html']",48,likely,
"['custom_href/colin-wagner-1', '/cfb/players/collin-wagner-1.html']",67,likely,
"['/cfb/players/derrick-malone-1.html', '/cfb/players/derrick-malone-jr-1.html', '/cfb/players/derrick-malone-jr-2.html']",58,likely,
"['/cfb/players/ben-butterfield-1.html', '/cfb/players/brian-butterfield-1.html']",47,likely,
"['/cfb/players/issac-dixon-1.html', '/cfb/players/isaac-dixon-1.html']",55,likely,
"['/cfb/players/ricky-havili-heimuli-1.html', '/cfb/players/ricky-heimuli-1.html']",48,likely,
"['/cfb/players/carson-york-1.html', 'custom_href/carson-york-1']",55,likely,
"['custom_href/dj-davis-1', '/cfb/players/dj-davis-1.html']",59,likely,
"['custom_href/mark-asper-1', '/cfb/players/mark-asper-1.html']",50,likely,
"['custom_href/damon-weems-1', 'custom_href/darion-weems-1']",58,likely,
"['/cfb/players/jeff-maehl-1.html', 'custom_href/jeff-maehl-1']",57,likely,
"['/cfb/players/michael-philipp-1.html', 'custom_href/michael-philipp-1']",67,likely,
"['/cfb/players/mana-rosa-1.html', '/cfb/players/mona-rosa-1.html']",62,likely,
"['/cfb/players/burke-ellis-1.html', 'custom_href/burke-ellis-1']",48,likely,
"['/cfb/players/grant-johnson-1.html', 'custom_href/grant-johnson-1']",70,likely,
"['/cfb/players/mike-remmers-1.html', 'custom_href/mike-remmers-1']",56,likely,
"['/cfb/players/devin-unga-1.html', '/cfb/players/kevin-unga-1.html']",74,likely,
"['/cfb/players/damien-williams-1.html', '/cfb/players/damon-williams-1.html']",76,unsure,likely not same player
"['/cfb/players/jalen-saunders-1.html', '/cfb/players/jalen-saunders-3.html']",56,likely,
"['/cfb/players/gabe-ikard-1.html', 'custom_href/gabe-ikard-1']",45,likely,
"['custom_href/eric-mensik-1', '/cfb/players/eric-mensik-1.html']",50,likely,
"['custom_href/don-stephenson-1', '/cfb/players/donald-stephenson-1.html']",69,likely,
"['/cfb/players/shamiel-gary-1.html', '/cfb/players/shamiel-gary-2.html']",58,likely,
"['/cfb/players/miketavius-jones-1.html', '/cfb/players/miketavious-jones-1.html']",67,likely,
"['/cfb/players/brodrick-brown-1.html', '/cfb/players/broderick-brown-1.html']",58,likely,
"['/cfb/players/lane-taylor-1.html', 'custom_href/lane-taylor-1']",76,likely,
"['/cfb/players/eric-benjamin-1.html', '/cfb/players/erik-benjamin-1.html']",58,likely,
"['/cfb/players/orhian-johnson-1.html', '/cfb/players/orhrian-johnson-1.html']",74,likely,
"['/cfb/players/terrelle-pryor-1.html', 'custom_href/tyrelle-pryor-1']",50,likely,
"['/cfb/players/taurian-washington-1.html', 'custom_href/taurian-washington-1']",59,likely,
"['/cfb/players/jermale-hines-1.html', 'custom_href/jamale-hines-1']",54,likely,
"['/cfb/players/george-atkinson-iii-1.html', '/cfb/players/george-atkinson-1.html']",60,likely,
"['/cfb/players/tj-jones-2.html', '/cfb/players/tj-jones-5.html']",53,likely,
"['/cfb/players/robby-toma-1.html', '/cfb/players/roby-toma-1.html']",67,likely,
"['/cfb/players/barry-gallup-jr-1.html', '/cfb/players/barry-gallup-jr-2.html']",57,likely,
"['/cfb/players/brian-mulroe-1.html', 'custom_href/brian-mulroe-1']",59,likely,
"['/cfb/players/ben-burkett-1.html', 'custom_href/ben-burkett-1']",52,likely,
"['/cfb/players/keegan-grant-1.html', 'custom_href/keegan-grant-1']",48,likely,
"['custom_href/al-netter-1', '/cfb/players/al-netter-1.html']",57,likely,
"['custom_href/corey-wooten-1', '/cfb/players/corey-wootton-1.html']",52,likely,
"['/cfb/players/cameron-stingily-1.html', '/cfb/players/cameron-stingly-1.html']",74,likely,
"['/cfb/players/keith-harris-jr-1.html', '/cfb/players/keith-harris-jr-2.html']",50,likely,
"['/cfb/players/giorgio-bowers-1.html', '/cfb/players/giorgio-bowers-2.html']",44,likely,
"['/cfb/players/perez-ford-1.html', '/cfb/players/perez-ashford-1.html']",53,unsure,likely not same player
"['/cfb/players/angelo-sebastiano-1.html', '/cfb/players/aj-sebastiano-1.html']",56,likely,
"['/cfb/players/derek-teegarden-1.html', '/cfb/players/derrick-teegarden-1.html']",59,likely,
"['/cfb/players/zachary-orr-1.html', '/cfb/players/zachery-orr-1.html']",60,likely,
"['/cfb/players/marcus-trice-1.html', '/cfb/players/marcus-trice-2.html']",62,likely,
"['/cfb/players/jamaal-wilson-2.html', '/cfb/players/jamal-wilson-2.html']",74,likely,
"['/cfb/players/travis-bond-1.html', 'custom_href/travis-bond-1']",71,likely,
"['/cfb/players/jonathan-cooper-1.html', 'custom_href/jonathan-cooper-1']",71,likely,
"['/cfb/players/cam-holland-1.html', 'custom_href/cam-holland-1']",45,likely,
"['/cfb/players/greg-elleby-1.html', 'custom_href/greg-elleby-1']",48,likely,
"['/cfb/players/juston-burris-1.html', '/cfb/players/justin-burris-1.html']",72,likely,
"['/cfb/players/rob-crisp-1.html', 'custom_href/rob-crisp-1']",56,likely,
"['/cfb/players/ty-mcgill-2.html', '/cfb/players/ty-mcgill-1.html']",48,likely,
"['/cfb/players/rj-mattes-1.html', 'custom_href/rj-mattes-1']",52,likely,
"['/cfb/players/cj-wilson-4.html', 'custom_href/cj-wilson-1']",53,likely,
"['custom_href/jr-sweezy-1', '/cfb/players/jr-sweezy-1.html']",47,likely,
"['custom_href/zach-allen-1', '/cfb/players/zach-allen-2.html']",67,likely,
"['custom_href/jake-vermiglio-1', '/cfb/players/jake-vermiglio-1.html']",48,likely,
"['/cfb/players/gerron-borne-1.html', '/cfb/players/gerron-borner-1.html']",56,likely,
"['/cfb/players/lamaar-thomas-1.html', '/cfb/players/lamaar-thomas-2.html']",48,likely,
"['/cfb/players/joseph-harris-2.html', '/cfb/players/joe-harris-2.html']",55,likely,
"['/cfb/players/rashad-jackson-2.html', '/cfb/players/vershard-jackson-1.html']",67,likely,
"['custom_href/bj-adolpho-1', '/cfb/players/bj-adolpho-1.html']",48,likely,
"['/cfb/players/bryan-lanejr-1.html', '/cfb/players/bryan-lane-jr-1.html']",56,unsure,same names and mismatch pos_group
"['/cfb/players/david-green-4.html', '/cfb/players/david-greene-3.html']",64,unsure,likely not same player
"['/cfb/players/eric-tuiloma-vaa-1.html', '/cfb/players/eric-tuiloma-1.html']",53,likely,
"['/cfb/players/jeremiah-sirles-1.html', 'custom_href/jeremiah-sirles-1']",44,likely,
"['/cfb/players/justin-jackson-3.html', 'custom_href/justin-jackson-1']",67,likely,
"['/cfb/players/ricky-henry-1.html', 'custom_href/ricky-henry-1']",53,likely,
"['custom_href/dj-jones-1', 'custom_href/pj-jones-1']",77,likely,
"['/cfb/players/ryan-williams-jenkins-1.html', '/cfb/players/ryan-williams-8.html']",57,likely,
"['/cfb/players/john-dowd-1.html', 'custom_href/john-dowd-1']",62,likely,
"['/cfb/players/joshua-jones-1.html', '/cfb/players/josh-jones-2.html']",67,likely,
"['/cfb/players/jared-mcgriff-culver-1.html', '/cfb/players/jared-culver-1.html']",63,likely,
"['/cfb/players/jayson-palmgren-1.html', 'custom_href/jason-palmgren-1']",59,likely,
"['/cfb/players/austin-wuebbels-1.html', 'custom_href/austin-wuebbels-1']",48,likely,
"['custom_href/tim-barnes-1', '/cfb/players/tim-barnes-1.html']",53,likely,
"['custom_href/elvis-fisher-1', '/cfb/players/elvis-fisher-1.html']",48,likely,
"['/cfb/players/munir-prince-1.html', '/cfb/players/munir-prince-2.html']",48,likely,
"['/cfb/players/jake-harry-iv-1.html', '/cfb/players/jake-harry-1.html']",62,likely,
"['/cfb/players/barry-brunetti-1.html', '/cfb/players/barry-brunetti-2.html']",52,likely,
"['/cfb/players/dt-shackelford-1.html', '/cfb/players/dt-shackleford-1.html']",48,likely,
"['/cfb/players/bobby-massie-1.html', 'custom_href/bobby-massie-1', 'custom_href/bobbie-massie-1']",67,likely,
"['/cfb/players/robert-elliot-1.html', '/cfb/players/robert-elliott-2.html']",63,likely,
"['/cfb/players/addison-lawrence-1.html', 'custom_href/addison-lawrence-1']",58,likely,
"['/cfb/players/brandon-maye-1.html', '/cfb/players/brandon-mcrae-1.html']",74,unsure,likely not same player
"['/cfb/players/quentin-saulsberry-1.html', 'custom_href/quentin-saulsberry-1']",44,likely,
"['/cfb/players/zach-smith-2.html', 'custom_href/zack-smith-1']",76,likely,
"['/cfb/players/philip-nelson-1.html', '/cfb/players/phillip-nelson-1.html']",52,likely,
"['/cfb/players/rodrick-williams-jr-1.html', '/cfb/players/rodrick-williams-jr-2.html']",69,likely,
"['custom_href/kj-maye-1', '/cfb/players/kj-maye-1.html', '/cfb/players/kj-maye-2.html']",50,likely,
"['/cfb/players/thieren-cockran-1.html', '/cfb/players/thieran-cockran-1.html']",59,likely,
"['/cfb/players/briean-boddy-calhoun-1.html', '/cfb/players/briean-boddy-1.html']",48,likely,
"['/cfb/players/kim-royston-1.html', '/cfb/players/kim-royston-2.html']",50,likely,
"['custom_href/deleon-eskridge-1', '/cfb/players/deleon-eskridge-1.html']",54,likely,
"['/cfb/players/jajuan-harley-1.html', '/cfb/players/jajuan-harley-2.html']",56,likely,
"['/cfb/players/david-defatta-1.html', '/cfb/players/david-defatta-2.html']",45,likely,
"['/cfb/players/fitzgerald-toussaint-1.html', '/cfb/players/jb-fitzgerald-1.html']",51,unsure,likely not same player
"['/cfb/players/kelvin-grady-1.html', '/cfb/players/kevin-grady-1.html']",61,unsure,likely not same player
"['/cfb/players/mark-huyge-1.html', 'custom_href/mark-huyge-1']",57,likely,
"['/cfb/players/david-molk-1.html', 'custom_href/david-molk-1']",70,likely,
"['/cfb/players/carvin-johnson-1.html', 'custom_href/carvin-johnson-1']",76,likely,
"['custom_href/patrick-omameh-1', 'custom_href/patrick-orameh-1']",56,likely,
"['/cfb/players/macgarrett-kings-jr-1.html', '/cfb/players/macgarrett-kings-jr-2.html']",48,likely,
"['/cfb/players/andre-sims-jr-1.html', '/cfb/players/andre-sims-1.html']",67,unsure,likely not same player
"['/cfb/players/keith-nichol-1.html', '/cfb/players/keith-nichol-2.html']",55,likely,
"['/cfb/players/brian-linthicum-1.html', '/cfb/players/brian-linthicum-2.html']",47,likely,
"['/cfb/players/joel-foreman-1.html', 'custom_href/joel-foreman-1']",64,likely,
"['/cfb/players/john-stipek-1.html', 'custom_href/john-stipek-1']",52,likely,
"['custom_href/dj-young-1', '/cfb/players/dj-young-2.html']",48,likely,
"['/cfb/players/chris-l-rucker-1.html', '/cfb/players/chris-d-rucker-1.html']",59,unsure,likely not same player
"['/cfb/players/demarco-paine-1.html', '/cfb/players/demarco-paine-2.html']",50,likely,
"['/cfb/players/brandon-linder-1.html', 'custom_href/brandon-linder-1']",70,likely,
"['/cfb/players/tyriq-mccord-1.html', '/cfb/players/tyrig-mccord-1.html']",56,likely,
"['/cfb/players/nantambu-akil-fentress-1.html', '/cfb/players/nantambu-fentress-1.html']",57,likely,
"['/cfb/players/james-gaines-1.html', '/cfb/players/jaimes-gaines-1.html']",75,likely,
"['/cfb/players/ray-ray-armstrong-2.html', 'custom_href/ray-ray-armstrong-1']",55,likely,
"['custom_href/harland-gunn-1', '/cfb/players/harland-gunn-1.html']",54,likely,
"['/cfb/players/tevin-jones-1.html', '/cfb/players/melvin-jones-1.html']",64,unsure,likely not same player
"['/cfb/players/charles-harris-2.html', '/cfb/players/carl-harris-1.html']",56,unsure,likely not same player
"['/cfb/players/ryan-williams-7.html', '/cfb/players/ryan-williams-10.html']",56,likely,
"['/cfb/players/jermaine-mckenzie-1.html', '/cfb/players/tremaine-mckenzie-1.html']",56,unsure,likely not same player
"['/cfb/players/dajleon-farr-1.html', '/cfb/players/dajleon-farr-2.html']",70,likely,
"['/cfb/players/chris-hobbs-1.html', '/cfb/players/chris-hobbs-4.html']",63,likely,
"['/cfb/players/tom-brandt-1.html', '/cfb/players/tim-brandt-1.html']",58,likely,
"['/cfb/players/khary-bailey-smith-1.html', '/cfb/players/khary-baily-smith-1.html']",63,unsure,mismatching names and pos_group
"['/cfb/players/michael-cox-1.html', '/cfb/players/michael-cox-3.html']",58,likely,
"['/cfb/players/chris-burns-1.html', '/cfb/players/chris-burns-3.html']",64,likely,
"['/cfb/players/justin-gilbert-2.html', 'custom_href/justin-gilbert-1']",62,likely,
"['/cfb/players/rj-dill-1.html', 'custom_href/rj-dill-1']",53,likely,
"['/cfb/players/paul-pinegar-2.html', 'custom_href/paul-pinegar-1']",48,likely,
"['/cfb/players/ryan-donohue-1.html', '/cfb/players/ryan-donahue-3.html']",64,likely,
"['/cfb/players/devon-johnson-1.html', '/cfb/players/delvin-johnson-1.html']",70,likely,
"['/cfb/players/derrick-thomas-2.html', '/cfb/players/derrick-thomas-7.html']",52,likely,
"['/cfb/players/andre-snipes-booker-1.html', '/cfb/players/andre-booker-1.html']",63,likely,
"['/cfb/players/jermain-kelson-1.html', '/cfb/players/jermaine-kelson-1.html']",62,likely,
"['/cfb/players/dominick-legrande-1.html', '/cfb/players/dominick-legrande-2.html']",45,likely,
"['/cfb/players/joshua-appleby-1.html', '/cfb/players/josh-appleby-1.html']",56,likely,
"['/cfb/players/justin-burke-1.html', '/cfb/players/justin-burke-2.html']",56,likely,
"['/cfb/players/dj-banks-1.html', '/cfb/players/dj-banks-2.html']",48,likely,
"['/cfb/players/tre-carter-1.html', '/cfb/players/carter-street-1.html']",82,unsure,mismatching names and pos_group
"['/cfb/players/james-stampley-1.html', 'custom_href/james-stampley-1']",57,likely,
"['/cfb/players/terrence-toliver-1.html', '/cfb/players/terrance-toliver-1.html']",73,likely,
"['custom_href/josh-dworaczyk-1', '/cfb/players/josh-dworaczyk-1.html']",57,likely,
"['custom_href/pj-lonergan-1', '/cfb/players/pj-lonergan-1.html']",48,likely,
"['custom_href/will-blackwell-1', '/cfb/players/will-blackwell-1.html']",52,likely,
"['/cfb/players/cortney-davis-1.html', '/cfb/players/corey-davis-4.html']",46,unsure,likely not same player
"['/cfb/players/nate-brown-1.html', '/cfb/players/nate-brown-jr-1.html']",56,likely,
"['/cfb/players/theo-smith-1.html', '/cfb/players/theo-smith-iii-1.html']",57,likely,
"['/cfb/players/terrance-broadway-2.html', '/cfb/players/terrence-broadway-1.html']",58,likely,
"['/cfb/players/nick-barnfield-1.html', '/cfb/players/barnfield-nick-1.html']",75,likely,
"['/cfb/players/undre-sails-1.html', '/cfb/players/undrea-sails-1.html']",58,likely,
"['/cfb/players/raymond-sanders-iii-1.html', '/cfb/players/raymond-sanders-1.html']",52,likely,
"['/cfb/players/alvin-davis-jr-2.html', '/cfb/players/alvin-davis-1.html']",63,likely,
"['/cfb/players/tristian-johnson-1.html', 'custom_href/christian-johnson-1']",71,likely,
"['/cfb/players/ashley-lowery-1.html', '/cfb/players/ashely-lowery-1.html']",54,likely,
"['/cfb/players/matt-smith-2.html', 'custom_href/matt-smith-1']",67,likely,
"['/cfb/players/stuart-hines-1.html', 'custom_href/stuart-hines-1']",52,likely,
"['/cfb/players/larry-warford-1.html', 'custom_href/larry-warford-1']",52,likely,
"['/cfb/players/randall-burden-1.html', 'custom_href/randay-burden-1']",76,likely,
"['custom_href/chandler-burden-1', '/cfb/players/chandler-burden-1.html']",71,likely,
"['custom_href/russ-bogue-1', '/cfb/players/ross-bogue-1.html']",57,likely,
"['/cfb/players/malcolm-pannell-1.html', '/cfb/players/malcom-pannell-1.html']",44,likely,
"['/cfb/players/dana-brown-2.html', '/cfb/players/dana-brown-jr-1.html']",58,likely,
"['/cfb/players/norman-wolfe-jr-1.html', '/cfb/players/norman-wolfe-jr-2.html', '/cfb/players/norman-wolfe-1.html']",50,unsure,too many players in one season
"['/cfb/players/anthony-bowman-1.html', '/cfb/players/anthony-bowman-2.html']",74,likely,
"['custom_href/monte-simmons-1', '/cfb/players/monte-simmons-1.html']",50,likely,
"['/cfb/players/john-williams-10.html', '/cfb/players/josh-williams-5.html']",76,likely,
"['/cfb/players/a-j-steward-1.html', '/cfb/players/aj-steward-1.html', 'custom_href/aj-steward-1']",48,likely,
"['/cfb/players/tanner-hawkinson-1.html', 'custom_href/tann-hawkinson-1']",67,likely,
"['/cfb/players/trevor-marrongelli-1.html', 'custom_href/trevor-marrongelli-1']",55,likely,
"['custom_href/brad-thorson-1', '/cfb/players/brad-thorson-1.html']",55,likely,
"['/cfb/players/alonso-rojas-1.html', '/cfb/players/alonso-rojas-2.html']",50,likely,
"['/cfb/players/max-onyegbule-1.html', '/cfb/players/maxwell-onyegbule-1.html']",48,likely,
"['/cfb/players/carl-miles-jr-1.html', '/cfb/players/carl-miles-1.html']",57,likely,
"['/cfb/players/clyde-aufner-1.html', 'custom_href/clyde-aufner-1']",52,likely,
"['/cfb/players/grant-gregory-1.html', '/cfb/players/grant-gregory-2.html']",52,likely,
"['/cfb/players/jeffrey-fitzgerald-1.html', '/cfb/players/jeff-fitzgerald-1.html']",47,likely,
"['/cfb/players/riley-reiff-1.html', 'custom_href/riley-reiff-1']",63,likely,
"['/cfb/players/jordan-bernstein-1.html', '/cfb/players/jordan-bernstine-1.html']",67,likely,
"['custom_href/ricky-stanzi-1', '/cfb/players/ricky-stanzi-1.html']",50,likely,
"['custom_href/julian-vandervelde-1', '/cfb/players/julian-vandervelde-1.html']",50,likely,
"['/cfb/players/sam-b-richardson-1.html', '/cfb/players/sam-e-richardson-1.html']",77,unsure,likely not same player
"['custom_href/ernst-brun-1', '/cfb/players/ernst-brun-1.html']",54,likely,
"['/cfb/players/walter-woods-iii-1.html', '/cfb/players/walter-woods-1.html', '/cfb/players/walker-woods-1.html']",55,unsure,likely not same player
"['/cfb/players/hayworth-hicks-1.html', 'custom_href/hayworth-hicks-1']",43,likely,
"['custom_href/alex-alvarez-1', 'custom_href/abe-alvarez-1']",52,likely,
"['/cfb/players/damarlo-belcher-1.html', 'custom_href/demario-belcher-1']",53,likely,
"['/cfb/players/justin-pagan-1.html', 'custom_href/justin-pagan-1']",67,likely,
"['custom_href/will-matte-1', '/cfb/players/will-matte-1.html']",56,likely,
"['/cfb/players/earnest-thomas-iii-1.html', '/cfb/players/earnest-thomas-1.html']",52,likely,
"['/cfb/players/hugh-thornton-1.html', 'custom_href/hugh-thornton-1']",48,likely,
"['/cfb/players/jarred-fayson-1.html', '/cfb/players/jarred-fayson-2.html']",50,likely,
"['/cfb/players/ryan-bass-1.html', '/cfb/players/ryan-bass-2.html']",67,likely,
"['/cfb/players/marcel-posey-1.html', '/cfb/players/marsel-posey-1.html']",58,likely,
"['/cfb/players/treshawn-robinson-1.html', '/cfb/players/treshawn-robinson-2.html']",50,likely,
"['/cfb/players/demaundray-woolridge-1.html', '/cfb/players/demaundray-woolridge-2.html']",44,likely,
"['/cfb/players/zachary-mcmillian-1.html', '/cfb/players/zach-mcmillian-1.html']",55,likely,
"['/cfb/players/kenneth-bibbins-jr-1.html', '/cfb/players/kenneth-bibbins-jr-2.html']",54,likely,
"['/cfb/players/chris-thompson-3.html', 'custom_href/chris-thompson-1']",69,likely,
"['/cfb/players/james-cleveland-1.html', '/cfb/players/james-cleveland-2.html']",56,likely,
"['/cfb/players/jacolby-ashworth-1.html', 'custom_href/jacolby-ashworth-1']",47,likely,
"['/cfb/players/jeremy-higgins-1.html', '/cfb/players/jeremy-higgins-2.html']",48,likely,
"['/cfb/players/breydan-torres-keohopak-1.html', '/cfb/players/breydan-torres-keohopaku-1.html']",60,likely,
"['/cfb/players/jj-green-1.html', '/cfb/players/aj-green-1.html']",47,likely,
"['/cfb/players/corey-campbell-2.html', '/cfb/players/cory-campbell-1.html']",64,likely,
"['custom_href/josh-davis-1', '/cfb/players/josh-davis-4.html']",73,likely,
"['custom_href/ben-jones-1', '/cfb/players/ben-jones-3.html']",71,likely,
"['/cfb/players/will-jackson-1.html', 'custom_href/will-jackson-1']",74,likely,
"['/cfb/players/jay-finch-1.html', 'custom_href/jay-finch-1']",47,likely,
"['/cfb/players/anthony-allen-1.html', '/cfb/players/anthony-allen-4.html']",74,likely,
"['/cfb/players/phil-smith-3.html', 'custom_href/phil-smith-1']",67,likely,
"['/cfb/players/josh-nesbitt-1.html', 'custom_href/josh-nesbitt-1']",44,likely,
"['/cfb/players/daryl-cash-1.html', '/cfb/players/darryl-cash-1.html']",50,likely,
"['/cfb/players/donavon-lewis-1.html', '/cfb/players/donavan-lewis-1.html']",63,likely,
"['/cfb/players/karl-mickelsen-1.html', '/cfb/players/karl-mickelson-1.html']",57,likely,
"['/cfb/players/matt-lindsey-1.html', '/cfb/players/matt-lindsay-1.html']",62,likely,
"['/cfb/players/mario-moore-1.html', '/cfb/players/marlon-moore-2.html']",61,unsure,mismatching names and pos_group
"['/cfb/players/frankie-hammond-jr-1.html', '/cfb/players/frankie-hammond-jr-2.html']",48,likely,
"['/cfb/players/shariff-floyd-1.html', '/cfb/players/sharrif-floyd-1.html']",45,likely,
"['/cfb/players/jonathan-bostic-1.html', '/cfb/players/jonathan-bostick-1.html']",70,likely,
"['/cfb/players/jeff-demps-1.html', 'custom_href/jeffery-demps-1']",64,likely,
"['/cfb/players/marcus-gilbert-1.html', 'custom_href/marcus-gilbert-1']",69,likely,
"['/cfb/players/bryan-stork-1.html', 'custom_href/bryan-stork-1']",47,likely,
"['/cfb/players/mario-edwards-1.html', '/cfb/players/mario-edwards-jr-1.html']",59,unsure,same names and mismatch pos_group
"['/cfb/players/nile-lawrence-stample-1.html', '/cfb/players/niles-lawrence-stampl-1.html']",47,likely,
"['/cfb/players/everette-dawkins-1.html', '/cfb/players/everett-dawkins-1.html']",47,likely,
"['/cfb/players/matthew-dunham-1.html', '/cfb/players/matt-dunham-1.html']",71,likely,
"['custom_href/andrew-datko-1', '/cfb/players/andrew-datko-1.html']",50,likely,
"['custom_href/david-spurlock-1', '/cfb/players/david-spurlock-1.html']",44,likely,
"['/cfb/players/zebrie-sanders-1.html', 'custom_href/zebrie-sanders-1']",53,likely,
"['/cfb/players/derrick-jones-1.html', '/cfb/players/derreck-jones-jr-1.html']",67,unsure,mismatching names and pos_group
"['/cfb/players/darian-dyson-1.html', '/cfb/players/darrian-dyson-1.html']",67,likely,
"['/cfb/players/gregory-hickman-1.html', '/cfb/players/greg-hickman-2.html']",50,likely,
"['/cfb/players/steven-curtis-1.html', '/cfb/players/stephen-curtis-1.html']",67,likely,
"['/cfb/players/tony-moore-2.html', '/cfb/players/toney-moore-1.html']",67,unsure,likely not same player
"['/cfb/players/sean-kelly-1.html', '/cfb/players/sean-kelley-1.html']",52,likely,
"['/cfb/players/christian-milstead-1.html', '/cfb/players/christen-milstead-1.html']",52,likely,
"['/cfb/players/brent-harstad-1.html', '/cfb/players/brentley-harstad-1.html']",57,likely,
"['/cfb/players/morgan-barnett-1.html', '/cfb/players/morgan-barnette-1.html']",61,likely,
"['/cfb/players/dj-frye-smith-1.html', '/cfb/players/dj-frye-smith-2.html']",67,likely,
"['custom_href/jaron-gillespie-1', '/cfb/players/jaron-gillespie-1.html']",57,likely,
"['/cfb/players/johnny-sears-1.html', '/cfb/players/johnny-sears-2.html']",56,likely,
"['/cfb/players/lance-ray-1.html', '/cfb/players/lance-ray-2.html']",57,likely,
"['/cfb/players/josh-hawkins-1.html', '/cfb/players/joshua-hawkins-1.html']",61,likely,
"['/cfb/players/lee-pegues-1.html', '/cfb/players/lee-peques-1.html']",52,likely,
"['/cfb/players/hunter-furr-1.html', '/cfb/players/hunter-furr-2.html']",43,likely,
"['/cfb/players/william-smith-2.html', '/cfb/players/willie-smith-4.html']",67,unsure,likely not same player
"['/cfb/players/levin-neal-1.html', '/cfb/players/levin-neal-2.html']",52,likely,
"['/cfb/players/issac-blakeney-1.html', '/cfb/players/isaac-blakeney-1.html']",48,likely,
"['/cfb/players/perry-simmons-1.html', 'custom_href/perry-simmons-1']",47,likely,
"['/cfb/players/kyle-hill-1.html', 'custom_href/kyle-hill-1']",45,likely,
"['custom_href/brian-moore-1', '/cfb/players/brian-moore-1.html']",58,likely,
"['/cfb/players/wesley-oglesby-1.html', 'custom_href/wes-oglesby-1']",46,likely,
"['/cfb/players/robert-mcclain-iii-1.html', '/cfb/players/robert-mcclain-1.html']",53,likely,
"['/cfb/players/ryan-severson-1.html', '/cfb/players/ryan-iverson-1.html']",67,unsure,likely not same player
"['/cfb/players/toney-clemons-1.html', '/cfb/players/toney-clemons-2.html']",56,likely,
"['/cfb/players/logan-gray-1.html', '/cfb/players/logan-gray-2.html']",50,likely,
"['/cfb/players/ayodeji-olatoye-1.html', '/cfb/players/deji-olatoye-1.html']",48,likely,
"['/cfb/players/matthew-bahr-1.html', 'custom_href/matthew-bahr-1']",50,likely,
"['/cfb/players/ethan-adkins-1.html', 'custom_href/ethan-adkins-1']",69,likely,
"['/cfb/players/ryan-miller-1.html', 'custom_href/ryan-miller-1']",61,likely,
"['custom_href/keenan-stevens-1', '/cfb/players/keenan-stevens-1.html']",59,likely,
"['/cfb/players/aric-goodman-1.html', '/cfb/players/aric-goodman-2.html']",52,likely,
"['/cfb/players/jake-behrens-1.html', 'custom_href/blake-behrens-1']",61,likely,
"['custom_href/connor-roggy-1', '/cfb/players/conner-roggy-1.html']",67,likely,
"['/cfb/players/conner-smith-1.html', '/cfb/players/connor-smith-1.html']",67,unsure,mismatching names and pos_group
"['/cfb/players/norman-gee-1.html', '/cfb/players/norman-gee-2.html']",57,likely,
"['/cfb/players/brandon-thomas-3.html', '/cfb/players/brandon-thompson-3.html']",77,unsure,likely not same player
"['/cfb/players/landon-walker-1.html', 'custom_href/landon-walker-1']",62,likely,
"['/cfb/players/dalton-freeman-1.html', 'custom_href/dalton-freeman-1']",56,likely,
"['/cfb/players/chris-hairston-1.html', 'custom_href/chris-hairston-1']",60,likely,
"['custom_href/antoine-mcclain-1', '/cfb/players/antoine-mcclain-1.html']",55,likely,
"['/cfb/players/jamie-cumbie-1.html', 'custom_href/jamie-cumby-1']",59,likely,
"['/cfb/players/ralph-abernathy-iv-1.html', '/cfb/players/ralph-david-abernathy-iv-1.html']",50,likely,
"['/cfb/players/vidal-hazelton-1.html', '/cfb/players/vidal-hazelton-2.html']",50,likely,
"['custom_href/demetrius-jones-1', '/cfb/players/demetrius-jones-1.html']",67,likely,
"['/cfb/players/cedric-fraser-1.html', '/cfb/players/eric-fraser-1.html']",63,unsure,mismatching names and pos_group
"['/cfb/players/matthew-torres-1.html', '/cfb/players/matt-torres-1.html']",46,likely,
"['/cfb/players/vincent-agnew-1.html', '/cfb/players/vince-agnew-1.html']",48,likely,
"['/cfb/players/storm-johnson-1.html', '/cfb/players/storm-johnson-2.html']",56,likely,
"['/cfb/players/jeff-godfrey-1.html', '/cfb/players/jeffrey-godfrey-1.html']",52,likely,
"['/cfb/players/joshua-reese-1.html', '/cfb/players/josh-reese-1.html']",56,likely,
"['/cfb/players/brett-hodges-1.html', '/cfb/players/brett-hodges-2.html']",61,likely,
"['/cfb/players/vincenzo-damato-1.html', '/cfb/players/vince-damato-1.html']",48,likely,
"['/cfb/players/brian-schwenke-1.html', 'custom_href/brian-schwenke-1']",62,likely,
"['/cfb/players/covaughn-deboskie-johnso-1.html', '/cfb/players/covaughn-deboskie-johnson-1.html']",56,likely,
"['custom_href/mitch-schwartz-1', 'custom_href/mitchell-schwartz-1']",46,likely,
"['/cfb/players/jd-falslev-1.html', 'custom_href/jd-falslev-1']",45,likely,
"['custom_href/austin-jorgensen-1', '/cfb/players/austen-jorgensen-1.html']",84,likely,
"['/cfb/players/uani-unga-1.html', '/cfb/players/uani-unga-2.html']",67,likely,
"['/cfb/players/riley-nelson-1.html', '/cfb/players/riley-nelson-2.html']",67,likely,
"['/cfb/players/zed-mendenhall-1.html', '/cfb/players/zeke-mendenhall-1.html']",46,unsure,likely not same player
"['/cfb/players/braden-brown-1.html', 'custom_href/braden-brown-1']",72,likely,
"['/cfb/players/jj-di-luigi-1.html', '/cfb/players/jj-diluigi-1.html']",48,likely,
"['/cfb/players/shaun-joplin-1.html', '/cfb/players/sean-joplin-1.html']",57,likely,
"['custom_href/coy-brown-1', '/cfb/players/coy-brown-1.html']",60,likely,
"['custom_href/jerry-gates-1', '/cfb/players/jerry-booboo-gates-1.html']",63,likely,
"['/cfb/players/jeron-stokes-1.html', '/cfb/players/jeron-stokes-2.html']",58,likely,
"['/cfb/players/dwayne-woods-2.html', '/cfb/players/dwayne-woods-jr-1.html']",52,likely,
"['/cfb/players/jerry-booboo-gates-1.html', '/cfb/players/booboo-gates-1.html']",100,likely,
"['/cfb/players/jerrett-sanderson-1.html', '/cfb/players/jerett-sanderson-1.html']",50,likely,
"['/cfb/players/al-louis-jean-jr-2.html', '/cfb/players/al-louis-jean-1.html']",54,likely,
"['custom_href/anthony-castonzo-1', '/cfb/players/anthony-castonzo-1.html']",50,likely,
"['/cfb/players/thomas-claiborne-1.html', 'custom_href/thomas-claiborne-1']",50,likely,
"['/cfb/players/emmett-cleary-1.html', 'custom_href/emmett-cleary-1']",52,likely,
"['/cfb/players/charles-leno-jr-1.html', '/cfb/players/charles-leno-1.html']",56,likely,
"['/cfb/players/michael-atkinson-1.html', '/cfb/players/michael-akinson-1.html']",67,likely,
"['/cfb/players/bryon-hout-1.html', '/cfb/players/byron-hout-1.html']",61,likely,
"['/cfb/players/jerod-monk-1.html', '/cfb/players/jarod-monk-1.html']",53,likely,
"['custom_href/colin-brence-1', '/cfb/players/collin-brence-1.html']",58,likely,
"['/cfb/players/darryl-stonum-1.html', '/cfb/players/darryl-stonum-2.html']",61,likely,
"['/cfb/players/ivory-wade-1.html', 'custom_href/ivory-wade-1']",50,likely,
"['/cfb/players/cameron-kaufhold-1.html', 'custom_href/cameron-kaufhold-1']",47,likely,
"['/cfb/players/nicolas-jean-baptiste-1.html', 'custom_href/nic-jean-baptiste-1']",47,likely,
"['/cfb/players/philip-blake-1.html', 'custom_href/philip-blake-1']",58,likely,
"['custom_href/danny-watkins-1', '/cfb/players/danny-watkins-1.html']",52,likely,
"['/cfb/players/clifton-odom-1.html', 'custom_href/clifton-odom-1']",50,likely,
"['/cfb/players/jeffery-garrett-1.html', '/cfb/players/jeffrey-garrett-1.html']",74,likely,
"['/cfb/players/toney-williams-1.html', '/cfb/players/toney-williams-2.html']",76,likely,
"['custom_href/gregory-robinson-1', '/cfb/players/greg-robinson-3.html']",60,likely,
"['custom_href/nosa-equae-1', '/cfb/players/nosa-eguae-1.html']",48,likely,
"['/cfb/players/aj-greene-1.html', 'custom_href/aj-green-1']",50,likely,
"['/cfb/players/ralph-spry-1.html', '/cfb/players/ralph-spry-2.html']",43,likely,
"['custom_href/mike-berry-1', '/cfb/players/mike-berry-2.html']",60,likely,
"['/cfb/players/chris-todd-1.html', '/cfb/players/chris-todd-2.html']",67,likely,
"['/cfb/players/dan-grochowski-1.html', '/cfb/players/daniel-grochowski-1.html']",50,likely,
"['/cfb/players/geoffrey-bacon-1.html', '/cfb/players/geoffery-bacon-1.html']",67,likely,
"['/cfb/players/zachary-williams-1.html', '/cfb/players/zach-williams-2.html']",77,likely,
"['/cfb/players/josh-jackson-1.html', '/cfb/players/joshua-jackson-1.html']",74,likely,
"['/cfb/players/braylon-mitchell-1.html', '/cfb/players/brandon-mitchell-2.html']",77,unsure,likely not same player
"['/cfb/players/mekale-mckay-1.html', '/cfb/players/mekale-mckay-3.html']",50,likely,
"['/cfb/players/travis-swanson-1.html', 'custom_href/travis-swanson-1']",54,likely,
"['/cfb/players/terrell-williams-2.html', '/cfb/players/terell-williams-1.html']",84,likely,
"['/cfb/players/broderick-green-1.html', '/cfb/players/broderick-green-2.html']",50,likely,
"['/cfb/players/grant-cook-1.html', 'custom_href/grant-cook-1']",63,likely,
"['/cfb/players/grant-freeman-1.html', 'custom_href/grant-freeman-1']",50,likely,
"['/cfb/players/ray-dominguez-1.html', 'custom_href/ray-dominguez-1']",50,likely,
"['/cfb/players/wade-grayson-1.html', 'custom_href/wade-grayson-1']",52,likely,
"['/cfb/players/demarcus-love-1.html', 'custom_href/demarcus-love-1']",62,likely,
"['/cfb/players/briton-forester-1.html', '/cfb/players/briton-forester-2.html']",60,likely,
"['/cfb/players/david-oku-1.html', '/cfb/players/david-oku-2.html']",53,likely,
"['/cfb/players/sullivent-neely-1.html', '/cfb/players/neely-sullivent-1.html']",52,likely,
"['/cfb/players/greg-mccall-1.html', '/cfb/players/gregory-mccall-1.html']",57,likely,
"['/cfb/players/wayne-capers-jr-1.html', '/cfb/players/wayne-capers-2.html']",54,likely,
"['/cfb/players/jourdon-grandon-1.html', '/cfb/players/jourdan-grandon-1.html']",57,likely,
"['/cfb/players/jonathan-mcknight-1.html', '/cfb/players/johnathan-mcknight-1.html']",44,likely,
"['/cfb/players/dan-buckner-1.html', '/cfb/players/dan-buckner-2.html']",55,likely,
"['/cfb/players/bilal-muhammad-1.html', '/cfb/players/bilal-muhammed-1.html']",48,likely,
"['custom_href/colin-baxter-1', '/cfb/players/colin-baxter-1.html']",48,likely,
"['custom_href/vaughn-dotsy-1', 'custom_href/vaughan-dotsy-1']",46,likely,
"['custom_href/kyle-quinn-1', '/cfb/players/kyle-quinn-1.html']",57,likely,
"['custom_href/joseph-perkins-1', '/cfb/players/joe-perkins-1.html']",52,likely,
"['/cfb/players/mike-turner-5.html', 'custom_href/mike-turner-1']",71,likely,
"['/cfb/players/robert-nelson-1.html', '/cfb/players/robert-nelson-3.html']",55,likely,
"['custom_href/villiami-moeakiola-1', '/cfb/players/viliami-moeakiola-1.html']",78,likely,
"['custom_href/william-sutton-1', '/cfb/players/will-sutton-1.html']",71,likely,
"['/cfb/players/evan-finkenberg-1.html', 'custom_href/evan-finkenberg-1']",48,likely,
"['/cfb/players/aaron-pflugrad-1.html', '/cfb/players/aaron-pflugrad-2.html']",62,likely,
"['/cfb/players/mike-marcisz-1.html', 'custom_href/mike-marcisz-1']",57,likely,
"['/cfb/players/andrew-sampson-1.html', 'custom_href/andrew-sampson-1']",52,likely,
"['/cfb/players/aderious-simmons-1.html', 'custom_href/aderious-simmons-1']",54,likely,
"['/cfb/players/adam-tello-1.html', 'custom_href/adam-tello-1']",57,likely,
"['/cfb/players/greg-smith-8.html', '/cfb/players/gregory-smith-1.html']",71,likely,
"['/cfb/players/matt-tucker-1.html', '/cfb/players/matthew-tucker-2.html']",67,likely,
"['custom_href/dan-knapp-1', '/cfb/players/dan-knapp-1.html']",45,likely,
"['custom_href/hasean-clinton-dix-1', '/cfb/players/haha-clinton-dix-1.html', '/cfb/players/ha-ha-clinton-dix-1.html']",88,likely,
"['/cfb/players/cyrus-jones-1.html', '/cfb/players/cyrus-jones-3.html']",64,likely,
"['/cfb/players/anthony-steen-1.html', 'custom_href/anthony-steen-1']",54,likely,
"['/cfb/players/chance-warmack-1.html', 'custom_href/chance-warmack-1']",53,likely,
"['/cfb/players/damion-square-1.html', 'custom_href/damian-square-1']",56,likely,
"['/cfb/players/dj-fluker-1.html', 'custom_href/dj-fluker-1']",57,likely,
"['/cfb/players/barrett-jones-1.html', 'custom_href/barrett-jones-1']",63,likely,
"['custom_href/james-carpenter-1', '/cfb/players/james-carpenter-1.html']",57,likely,
"['/cfb/players/nordly-capi-1.html', 'custom_href/capi-nordly-1']",64,likely,
"['/cfb/players/jamel-turner-1.html', '/cfb/players/james-turner-1.html']",62,unsure,likely not same player
"['custom_href/emmanuel-lartley-1', '/cfb/players/emmanuel-lartey-1.html', '/cfb/players/lartey-emmanuel-1.html']",97,likely,
"['/cfb/players/conner-healy-1.html', '/cfb/players/connor-healy-1.html']",58,likely,
"['/cfb/players/jordan-mays-1.html', '/cfb/players/jordan-mayes-1.html']",78,likely,
"['custom_href/bricet-cannada-1', '/cfb/players/briceton-cannada-1.html']",58,likely,
"['/cfb/players/johnathan-warzeka-1.html', '/cfb/players/jonathan-warzeka-1.html']",69,likely,
"['/cfb/players/zack-kauth-1.html', '/cfb/players/zach-kauth-1.html']",62,likely,
"['/cfb/players/zack-bell-1.html', '/cfb/players/zach-bell-1.html']",62,likely,
"['/cfb/players/andre-morris-jr-1.html', '/cfb/players/andre-morris-1.html']",52,likely,
"['custom_href/olawale-lawal-1', '/cfb/players/wale-lawal-1.html']",48,likely,
"['/cfb/players/darevon-chance-1.html', '/cfb/players/dareyon-chance-1.html']",64,likely,
"['/cfb/players/dvon-isaac-1.html', '/cfb/players/dvon-issac-1.html']",57,likely,
"['/cfb/players/brad-starks-1.html', '/cfb/players/bradley-starks-1.html']",55,unsure,likely not same player
"['/cfb/players/woody-baron-1.html', 'custom_href/woody-barron-1']",64,likely,
"['/cfb/players/tre-herndon-1.html', '/cfb/players/tray-herndon-1.html']",62,unsure,mismatching names and pos_group
"['/cfb/players/marcus-sanders-williams-1.html', '/cfb/players/marcus-williams-9.html']",84,unsure,likely not same player
"['/cfb/players/demarco-nelson-1.html', '/cfb/players/marco-nelson-2.html']",62,likely,
"['/cfb/players/brandon-burks-1.html', '/cfb/players/brandon-brooks-3.html']",74,unsure,likely not same player
"['/cfb/players/anthony-williams-13.html', '/cfb/players/anthony-williams-4.html']",74,unsure,same names and mismatch pos_group
"['/cfb/players/matt-jones-1.html', '/cfb/players/matt-jones-6.html']",58,unsure,same names and mismatch pos_group
"['/cfb/players/andrew-hamilton-1.html', '/cfb/players/drew-hamilton-1.html']",50,likely,
"['/cfb/players/damnani-alexcee-1.html', 'custom_href/damani-alexee-1']",45,likely,
"['/cfb/players/deshawn-washington-1.html', '/cfb/players/shaan-washington-1.html']",50,unsure,likely not same player
"['/cfb/players/nate-d-smith-1.html', '/cfb/players/nate-l-smith-1.html']",67,unsure,likely not same player
"['custom_href/juju-smith-1', '/cfb/players/juju-smith-1.html']",67,likely,
"['/cfb/players/gerald-dixon-2.html', '/cfb/players/gerald-dixon-jr-1.html']",61,likely,
"['custom_href/nyeem-wartman-1', '/cfb/players/nyeem-wartman-1.html']",55,likely,
"['custom_href/gary-wooten-1', '/cfb/players/gary-wooten-1.html']",48,likely,
"['/cfb/players/derrick-malone-1.html', '/cfb/players/derrick-malone-jr-1.html']",52,likely,
"['/cfb/players/tyree-robinson-2.html', '/cfb/players/tyrell-robinson-1.html']",64,unsure,mismatching names and pos_group
"['custom_href/dmitri-flowers-1', '/cfb/players/dimitri-flowers-1.html']",52,likely,
"['custom_href/jeffrey-wilson-1', '/cfb/players/jeffery-wilson-2.html']",67,likely,
"['/cfb/players/derek-teegarden-1.html', '/cfb/players/derrick-teegarden-1.html']",59,likely,
"['/cfb/players/emie-robinson-1.html', '/cfb/players/ernie-robinson-1.html']",64,likely,
"['/cfb/players/ty-mcgill-2.html', '/cfb/players/ty-mcgill-1.html']",43,likely,
"['/cfb/players/connor-talbott-1.html', '/cfb/players/conner-talbott-1.html']",44,likely,
"['/cfb/players/ron-scoggins-jr-1.html', '/cfb/players/ron-scoggins-1.html']",46,likely,
"['/cfb/players/keiron-williams-1.html', '/cfb/players/kevin-williams-6.html']",83,unsure,likely not same player
"['/cfb/players/aj-moore-2.html', '/cfb/players/cj-moore-2.html']",77,likely,
"['custom_href/kj-maye-1', '/cfb/players/kj-maye-1.html']",50,likely,
"['/cfb/players/donovahn-jones-1.html', 'custom_href/donavahn-jones-1']",59,likely,
"['/cfb/players/macgarrett-kings-jr-1.html', '/cfb/players/macgarrett-kings-jr-2.html']",48,likely,
"['/cfb/players/robby-young-1.html', '/cfb/players/bobby-young-3.html']",67,unsure,likely not same player
"['/cfb/players/jalen-williams-3.html', '/cfb/players/alan-williams-3.html']",73,likely,
"['/cfb/players/john-robinson-woodgett-1.html', '/cfb/players/john-robinson-2.html']",50,likely,
"['/cfb/players/amba-etta-tawo-1.html', '/cfb/players/amba-etta-1.html']",48,likely,
"['/cfb/players/devon-johnson-1.html', '/cfb/players/delvin-johnson-1.html']",70,likely,
"['/cfb/players/nick-dawson-brents-1.html', '/cfb/players/nick-dawson-1.html']",53,likely,
"['/cfb/players/jerrell-richardson-1.html', '/cfb/players/terrell-richardson-1.html']",56,unsure,mismatching names and pos_group
"['/cfb/players/darrell-dj-warren-1.html', '/cfb/players/dj-warren-1.html']",55,likely,
"['/cfb/players/ashley-lowery-1.html', '/cfb/players/ashely-lowery-1.html']",54,likely,
"['/cfb/players/ralph-green-iii-1.html', '/cfb/players/ralphael-green-1.html']",50,likely,
"['/cfb/players/tueni-lupeamanu-1.html', '/cfb/players/tueni-luepamanu-1.html']",48,likely,
"['/cfb/players/jerrell-jackson-2.html', '/cfb/players/marrell-jackson-1.html']",71,unsure,likely not same player
"['/cfb/players/lance-austin-1.html', '/cfb/players/lawrence-austin-1.html']",71,likely,
"['/cfb/players/karl-mickelsen-1.html', '/cfb/players/karl-mickelson-1.html']",57,likely,
"['/cfb/players/vontarius-west-1.html', 'custom_href/vontarious-west-1']",52,likely,
"['/cfb/players/jordan-williams-1.html', '/cfb/players/jon-williams-1.html']",77,likely,
"['/cfb/players/josh-hawkins-1.html', '/cfb/players/joshua-hawkins-1.html']",57,likely,
"['/cfb/players/ryan-moeller-1.html', '/cfb/players/ryan-miller-1.html']",64,unsure,mismatching names and pos_group
"['/cfb/players/joshua-reese-1.html', '/cfb/players/josh-reese-1.html']",56,likely,
"['/cfb/players/darrell-hunter-ii-1.html', '/cfb/players/darrell-hunter-2.html']",56,likely,
"['/cfb/players/shakim-phillips-2.html', '/cfb/players/shakim-phillips-1.html']",43,likely,
"['/cfb/players/tony-giovannelli-1.html', '/cfb/players/joey-giovannelli-1.html']",47,unsure,likely not same player
"['/cfb/players/geoffery-bacon-1.html', '/cfb/players/geoffrey-bacon-1.html']",60,likely,
"['/cfb/players/raziel-velgis-1.html', '/cfb/players/raziel-valgis-1.html']",50,likely,
"['/cfb/players/javon-rolland-jones-1.html', '/cfb/players/javon-jones-1.html']",71,likely,
"['/cfb/players/sani-fuimaono-1.html', '/cfb/players/saneilia-fuimaono-1.html']",48,likely,
"['/cfb/players/jourdon-grandon-1.html', '/cfb/players/jourdan-grandon-1.html']",59,likely,
"['/cfb/players/reuben-foster-1.html', 'custom_href/reuban-foster-1']",77,likely,
"['/cfb/players/jk-scott-1.html', '/cfb/players/jk-scott-3.html', '/cfb/players/bj-scott-1.html']",44,likely,
"['/cfb/players/thad-armstrong-1.html', '/cfb/players/ethan-armstrong-1.html']",56,likely,
"['/cfb/players/darious-hillary-1.html', '/cfb/players/darius-hillary-1.html']",54,likely,
"['/cfb/players/anton-curtis-1.html', '/cfb/players/curtis-cannon-1.html']",69,likely,
"['/cfb/players/josh-t-harris-1.html', '/cfb/players/josh-harris-3.html']",67,unsure,mismatching names and pos_group
"['/cfb/players/julian-jackson-2.html', '/cfb/players/julian-thomas-jackson-1.html']",86,likely,
"['/cfb/players/joe-williams-7.html', '/cfb/players/jj-williams-1.html']",80,unsure,mismatching names and pos_group
"['/cfb/players/sharrieff-shah-4.html', '/cfb/players/sharrieff-shah-1.html']",46,likely,
"['/cfb/players/pita-taumoepenu-3.html', '/cfb/players/pita-taumoepenu-2.html']",60,likely,
"['/cfb/players/alani-havili-katoa-1.html', '/cfb/players/alani-havli-katoa-1.html']",51,likely,
"['/cfb/players/anthony-williams-21.html', '/cfb/players/anthony-williams-1.html']",71,likely,
"['/cfb/players/salanoa-galeai-2.html', '/cfb/players/salanoa-galeai-1.html']",48,likely,
"['/cfb/players/myron-turner-2.html', '/cfb/players/myron-turner-1.html']",57,likely,
"['/cfb/players/kenny-walker-2.html', '/cfb/players/kenneth-walker-1.html']",57,likely,
"['/cfb/players/nate-iese-1.html', '/cfb/players/nate-lese-1.html']",62,likely,
"['/cfb/players/petera-wilson-1.html', '/cfb/players/petra-wilson-1.html']",80,likely,
"['/cfb/players/logan-hilton-1.html', '/cfb/players/logan-hamilton-1.html']",67,unsure,mismatching names and pos_group
"['/cfb/players/josh-anderson-6.html', '/cfb/players/josh-anderson-1.html']",76,likely,
"['/cfb/players/dj-johnson-7.html', '/cfb/players/dj-johnson-1.html']",82,likely,
"['/cfb/players/phillip-ely-2.html', '/cfb/players/phillip-ely-1.html']",42,likely,
"['/cfb/players/ryan-roberts-3.html', '/cfb/players/ryan-roberson-1.html']",79,likely,
"['/cfb/players/garret-gray-1.html', '/cfb/players/garrett-graf-1.html']",74,likely,
"['/cfb/players/lawrence-white-2.html', '/cfb/players/lawrence-white-1.html']",59,likely,
"['/cfb/players/kendall-beal-1.html', '/cfb/players/kendall-bell-1.html']",52,likely,
"['/cfb/players/kelvin-fisher-3.html', '/cfb/players/kelvin-fisher-1.html']",52,likely,
"['/cfb/players/deshawn-raymond-1.html', '/cfb/players/raymond-deshawn-1.html']",62,likely,
"['/cfb/players/darrell-jackson-2.html', '/cfb/players/darrell-jackson-1.html']",60,likely,
"['/cfb/players/gerald-dixon-2.html', '/cfb/players/gerald-dixon-jr-1.html']",67,likely,
"['/cfb/players/austin-walter-1.html', '/cfb/players/aston-walter-1.html']",69,likely,
"['/cfb/players/jarrett-cervl-1.html', '/cfb/players/jarrett-cervi-1.html']",46,likely,
"['custom_href/dmitri-flowers-1', '/cfb/players/dimitri-flowers-1.html']",62,likely,
"['/cfb/players/ron-brown-4.html', '/cfb/players/daron-brown-1.html']",77,likely,
"['/cfb/players/damarcus-smith-1.html', '/cfb/players/marcus-smith-7.html']",77,unsure,likely not same player
"['custom_href/jeffrey-wilson-1', '/cfb/players/jeffery-wilson-2.html']",63,likely,
"['/cfb/players/rashad-jackson-2.html', '/cfb/players/vershad-jackson-1.html']",67,likely,
"['/cfb/players/dominquie-green-1.html', '/cfb/players/dominique-green-2.html']",52,likely,
"['/cfb/players/ernie-robinson-iii-1.html', '/cfb/players/ernie-robinson-1.html']",73,likely,
"['/cfb/players/troy-vincent-jr-1.html', '/cfb/players/troy-jr-vincent-1.html']",50,likely,
"['/cfb/players/spence-ueli-faatoalia-1.html', '/cfb/players/spence-faatoalia-1.html']",45,likely,
"['/cfb/players/phillip-haynes-1.html', '/cfb/players/phillip-payne-1.html']",74,likely,
"['/cfb/players/john-brown-iii-2.html', '/cfb/players/josh-brown-6.html']",74,likely,
"['/cfb/players/aj-moore-2.html', '/cfb/players/cj-moore-2.html']",77,likely,
"['/cfb/players/macgarrett-kings-jr-1.html', '/cfb/players/macgarrett-kings-jr-2.html']",48,likely,
"['/cfb/players/tj-williams-4.html', '/cfb/players/tj-williams-1.html']",84,likely,
"['/cfb/players/devon-johnson-1.html', '/cfb/players/delvin-johnson-1.html']",70,likely,
"['/cfb/players/aaron-dopson-1.html', '/cfb/players/aaron-dobson-1.html']",67,unsure,mismatching names and pos_group
"['/cfb/players/jon-brown-2.html', '/cfb/players/jamon-brown-1.html']",73,likely,
"['/cfb/players/johnny-richardson-3.html', '/cfb/players/johnny-richardson-1.html']",57,likely,
"['/cfb/players/leonard-fournette-1.html', '/cfb/players/lanard-fournette-1.html']",50,unsure,likely not same player
"['/cfb/players/chidi-okeke-1.html', '/cfb/players/chidi-valentine-okeke-1.html']",48,likely,
"['/cfb/players/jacob-tyson-2.html', '/cfb/players/jacob-tyson-1.html']",58,likely,
"['/cfb/players/norman-wolfe-jr-1.html', '/cfb/players/norman-wolfe-jr-2.html']",46,likely,
"['/cfb/players/mike-sventina-1.html', '/cfb/players/mike-svetina-1.html']",61,likely,
"['/cfb/players/darius-mosley-1.html', '/cfb/players/darius-mosely-1.html']",64,likely,
"['/cfb/players/william-jackson-iii-1.html', '/cfb/players/william-jackson-3.html']",73,likely,
"['/cfb/players/metuisela-unga-2.html', '/cfb/players/metuisela-unga-1.html']",50,likely,
"['/cfb/players/kennedy-tulimaseali-1.html', '/cfb/players/kennedy-tumilmasealii-1.html']",53,likely,
"['/cfb/players/michael-barnett-1.html', '/cfb/players/michael-bennett-4.html']",69,unsure,mismatching names and pos_group
"['/cfb/players/bryan-chamberlain-2.html', '/cfb/players/bryan-chamberlain-1.html']",58,likely,
"['/cfb/players/lance-austin-1.html', '/cfb/players/lawrence-austin-1.html']",78,likely,
"['/cfb/players/bj-johnson-3.html', '/cfb/players/bj-johnson-2.html']",48,likely,
"['/cfb/players/jordan-williams-8.html', '/cfb/players/jon-williams-1.html']",73,unsure,mismatching names and pos_group
"['/cfb/players/deshaun-amos-1.html', '/cfb/players/dashaun-amos-1.html']",78,likely,
"['/cfb/players/josh-hawkins-4.html', '/cfb/players/joshua-hawkins-1.html']",55,likely,
"['/cfb/players/zach-muniz-2.html', '/cfb/players/zach-muniz-1.html']",67,likely,
"['/cfb/players/mikal-myers-1.html', '/cfb/players/mykal-myers-1.html']",64,likely,
"['/cfb/players/jonathan-huckins-1.html', '/cfb/players/jonathan-hawkins-2.html']",55,likely,
"['/cfb/players/ryan-carter-2.html', '/cfb/players/ryan-carter-1.html']",62,unsure,likely not same player
"['/cfb/players/josh-pasley-1.html', '/cfb/players/josh-posley-1.html']",62,unsure,likely not same player
"['/cfb/players/ad-cunningham-1.html', '/cfb/players/greg-cunningham-jr-1.html']",48,likely,
"['/cfb/players/austin-hoyt-1.html', '/cfb/players/austin-holt-1.html']",71,unsure,mismatching names and pos_group
"['/cfb/players/kesni-tausinga-1.html', '/cfb/players/kesni-taesinga-1.html']",61,likely,
"['/cfb/players/joseph-davidson-1.html', '/cfb/players/joe-davidson-1.html']",64,likely,
"['/cfb/players/jon-hilliman-1.html', '/cfb/players/jon-hillman-1.html']",55,likely,
"['/cfb/players/harris-williams-1.html', '/cfb/players/william-harris-4.html']",80,unsure,likely not same player
"['/cfb/players/tyler-horn-2.html', '/cfb/players/tyler-horton-1.html']",72,unsure,likely not same player
"['/cfb/players/terence-williams-2.html', '/cfb/players/terrance-williams-2.html']",80,likely,
"['/cfb/players/ralph-smith-iii-1.html', '/cfb/players/ralph-smith-4.html']",67,likely,
"['/cfb/players/tyler-carr-1.html', '/cfb/players/tyler-carter-1.html']",70,likely,
"['/cfb/players/brandon-byner-1.html', '/cfb/players/brandon-berg-1.html']",81,likely,
"['/cfb/players/terrance-hollingsworth-1.html', '/cfb/players/terrance-holingsworth-1.html']",50,likely,
"['/cfb/players/connor-brewer-2.html', '/cfb/players/connor-brewer-1.html']",50,likely,
"['/cfb/players/devin-goodman-1.html', '/cfb/players/evan-goodman-1.html']",59,likely,
"['/cfb/players/toronto-thomas-1.html', '/cfb/players/toronto-thonas-1.html']",79,likely,
"['/cfb/players/jamichael-willis-1.html', '/cfb/players/michael-williams-3.html']",69,likely,
"['/cfb/players/cyrus-jones-2.html', '/cfb/players/cyrus-jones-1.html']",69,likely,
"['/cfb/players/kevin-prosser-1.html', '/cfb/players/kevin-proser-1.html']",56,likely,
"['/cfb/players/tyler-hilinski-1.html', '/cfb/players/tyler-hillinski-1.html']",63,likely,
"['/cfb/players/jared-pinkney-1.html', '/cfb/players/jared-pinkey-1.html']",63,likely,
"['/cfb/players/sharrieff-shah-4.html', '/cfb/players/sharrieff-shah-1.html']",46,likely,
"['/cfb/players/pita-taumoepenu-3.html', '/cfb/players/pita-taumoepenu-2.html']",60,likely,
"['/cfb/players/kevin-ogwu-1.html', '/cfb/players/kevin-ogwn-1.html']",67,likely,
"['/cfb/players/jalen-sparks-1.html', '/cfb/players/jalen-starks-1.html']",70,likely,
"['/cfb/players/kenny-walker-2.html', '/cfb/players/kenneth-walker-1.html']",57,likely,
"['/cfb/players/lokeni-toailoa-1.html', '/cfb/players/leni-toailoa-1.html']",54,likely,
"['/cfb/players/avery-gragg-1.html', '/cfb/players/avery-gregg-1.html']",50,likely,
"['/cfb/players/josh-anderson-6.html', '/cfb/players/josh-anderson-1.html']",62,likely,
"['/cfb/players/austin-hudson-2.html', '/cfb/players/austin-hudson-3.html']",63,likely,
"['/cfb/players/austin-walter-1.html', '/cfb/players/aston-walter-1.html']",69,likely,
"['/cfb/players/dmitri-flowers-1.html', '/cfb/players/dimitri-flowers-1.html']",59,likely,
"['custom_href/jeffrey-wilson-1', '/cfb/players/jeffery-wilson-2.html']",69,likely,
"['/cfb/players/dominique-green-2.html', '/cfb/players/dominquie-green-1.html']",78,likely,
"['/cfb/players/dion-henrique-1.html', '/cfb/players/roedion-henrique-1.html']",53,likely,
"['/cfb/players/dameon-barber-1.html', '/cfb/players/dameon-baber-1.html']",56,likely,
"['/cfb/players/kurt-palandech-1.html', '/cfb/players/kurt-palendech-1.html']",52,likely,
"['/cfb/players/brandon-presley-1.html', '/cfb/players/brandon-pressley-1.html']",70,likely,
"['/cfb/players/kieron-williams-1.html', '/cfb/players/keiron-williams-1.html']",83,likely,
"['/cfb/players/josh-brown-6.html', '/cfb/players/john-brown-iii-2.html']",70,likely,
"['/cfb/players/jaylon-jones-1.html', '/cfb/players/jason-jones-2.html']",77,unsure,mismatching names and pos_group
"['/cfb/players/devon-johnson-1.html', '/cfb/players/delvin-johnson-1.html']",70,likely,
"['/cfb/players/jamarez-bowen-1.html', '/cfb/players/jamerez-bowen-1.html']",56,likely,
"['/cfb/players/mike-sventina-1.html', '/cfb/players/mike-svetina-1.html']",61,likely,
"['/cfb/players/darius-mosely-1.html', '/cfb/players/darius-mosley-1.html']",64,likely,
"['/cfb/players/metuisela-unga-2.html', '/cfb/players/metuisela-unga-1.html']",48,likely,
"['/cfb/players/daniel-lewis-jr-2.html', '/cfb/players/daniel-lewis-jr-1.html']",64,likely,
"['/cfb/players/lance-austin-1.html', '/cfb/players/lawrence-austin-1.html']",78,likely,
"['/cfb/players/deshaun-amos-1.html', '/cfb/players/dashaun-amos-1.html']",78,likely,
"['/cfb/players/mikal-myers-1.html', '/cfb/players/mykal-myers-1.html']",64,likely,
"['/cfb/players/terence-williams-2.html', '/cfb/players/terrance-williams-2.html']",80,likely,
"['/cfb/players/jake-ferguson-1.html', '/cfb/players/joe-ferguson-2.html']",67,likely,
"['/cfb/players/chase-ridley-1.html', '/cfb/players/chase-riley-1.html']",64,likely,
"['/cfb/players/jared-hilbers-1.html', '/cfb/players/jared-hibers-1.html']",67,likely,
"['/cfb/players/ryan-bischoff-1.html', '/cfb/players/ryan-bishoff-1.html']",58,likely,
"['/cfb/players/mason-gajkowski-1.html', '/cfb/players/baron-gajkowski-1.html']",59,unsure,likely not same player
"['/cfb/players/stephen-johnson-1.html', '/cfb/players/stephen-johnson-4.html']",71,likely,
"['/cfb/players/leni-toailoa-1.html', '/cfb/players/lokeni-toailoa-1.html']",56,likely,
"['/cfb/players/josh-anderson-6.html', '/cfb/players/josh-anderson-1.html']",76,likely,
"['/cfb/players/garret-gray-1.html', '/cfb/players/garrett-graf-1.html']",74,likely,
"['/cfb/players/malcolm-brown-2.html', '/cfb/players/malcom-brown-1.html']",77,unsure,likely not same player
"['/cfb/players/jarrod-carter-mclin-1.html', '/cfb/players/jarrod-mclin-1.html']",63,likely,
"['/cfb/players/todd-jones-21.html', '/cfb/players/todd-jones-2.html']",73,likely,
"['/cfb/players/ahmad-thomas-2.html', '/cfb/players/jahad-thomas-1.html']",67,likely,
"['/cfb/players/devin-butler-2.html', '/cfb/players/devin-butler-3.html']",50,unsure,likely not same player
"['/cfb/players/velus-jones-jr-157.html', '/cfb/players/velus-jones-jr-1.html']",64,likely,
"['/cfb/players/michael-pittman-jr-157.html', '/cfb/players/michael-pittman-jr-1.html']",70,likely,
"['/cfb/players/james-bermingham-jr-26.html', 'custom_href/james-bermingham-1']",52,likely,
"['/cfb/players/michael-brown-10.html', '/cfb/players/michael-bowman-3.html']",70,likely,
"['/cfb/players/tyler-nevens-1.html', '/cfb/players/tyler-stevens-1.html']",67,likely,
"['/cfb/players/jonathan-lenard-jr-157.html', '/cfb/players/jonathan-lenard-jr-1.html']",52,likely,
"['/cfb/players/austin-walter-1.html', '/cfb/players/aston-walter-1.html']",69,likely,
"['/cfb/players/brandt-peterson-1.html', '/cfb/players/grant-peterson-1.html']",59,likely,
"['/cfb/players/thomas-cole-3.html', '/cfb/players/cole-thomas-1.html']",70,likely,
"['/cfb/players/peyton-truitt-1.html', '/cfb/players/peyton-pruitt-1.html']",46,likely,
"['/cfb/players/tony-apke-1.html', '/cfb/players/troy-apke-1.html']",62,likely,
"['/cfb/players/lamar-winston-jr-157.html', '/cfb/players/lamar-winston-jr-1.html']",54,likely,
"['/cfb/players/dmitri-flowers-1.html', '/cfb/players/dimitri-flowers-1.html']",59,likely,
"['/cfb/players/mark-jackson-jr-157.html', '/cfb/players/mark-jackson-jr-1.html']",58,likely,
"['/cfb/players/tony-jones-jr-157.html', '/cfb/players/tony-jones-jr-1.html']",73,likely,
"['/cfb/players/keenan-centlivre-1.html', '/cfb/players/keenan-centivre-1.html']",48,likely,
"['/cfb/players/troy-pride-jr-157.html', '/cfb/players/troy-pride-jr-1.html']",57,likely,
"['/cfb/players/lance-deveaux-jr-157.html', '/cfb/players/lance-deveaux-jr-1.html']",50,likely,
"['/cfb/players/jeffrey-wilson-2.html', '/cfb/players/jeffery-wilson-2.html']",69,likely,
"['/cfb/players/rico-bussey-jr-157.html', '/cfb/players/rico-bussey-jr-1.html']",52,likely,
"['/cfb/players/dante-johnson-2.html', '/cfb/players/dontae-johnson-1.html']",79,likely,
"['/cfb/players/stanley-barnwell-jr-157.html', '/cfb/players/stanley-barnwell-jr-1.html']",56,likely,
"['/cfb/players/kenneth-maxwell-2.html', '/cfb/players/kenneth-maxwell-1.html']",48,likely,
"['/cfb/players/jake-rothschiller-1.html', '/cfb/players/kyle-rothschiller-1.html']",58,likely,
"['/cfb/players/dezmand-candielaria-1.html', '/cfb/players/dezmand-candelaria-1.html']",60,likely,
"['/cfb/players/rasheem-parks-1.html', '/cfb/players/rasheed-parks-1.html']",58,likely,
"['/cfb/players/jeremy-clark-3.html', '/cfb/players/efrem-clark-1.html']",58,unsure,mismatching names and pos_group
"['/cfb/players/kieron-williams-1.html', '/cfb/players/keiron-williams-1.html']",83,likely,
"['/cfb/players/josh-brown-6.html', '/cfb/players/john-brown-iii-2.html']",70,likely,
"['custom_href/chris-williams-1', '/cfb/players/christian-williams-1.html']",80,likely,
"['/cfb/players/aj-brown-4.html', '/cfb/players/aj-brown-3.html']",78,likely,
"['/cfb/players/aj-moore-2.html', '/cfb/players/cj-moore-2.html']",77,likely,
"['/cfb/players/donte-taylor-jr-1.html', '/cfb/players/dante-taylor-1.html']",67,likely,
"['/cfb/players/gerald-willis-iii-1.html', '/cfb/players/gerald-willis-1.html']",56,likely,
"['/cfb/players/colvin-alford-1.html', '/cfb/players/collin-alford-1.html']",54,unsure,mismatching names and pos_group
"['/cfb/players/patrick-taylor-jr-146.html', '/cfb/players/patrick-taylor-jr-1.html']",67,likely,
"['/cfb/players/josiah-perry-1.html', '/cfb/players/josh-perry-1.html']",59,likely,
"['/cfb/players/roderick-jones-jr-141.html', 'custom_href/roderick-jones-1']",57,likely,
"['/cfb/players/james-bowe-jr-157.html', '/cfb/players/james-bowe-jr-1.html']",67,likely,
"['/cfb/players/devon-johnson-1.html', '/cfb/players/delvin-johnson-1.html']",70,likely,
"['/cfb/players/milton-williams-1.html', '/cfb/players/dillon-williams-1.html']",80,likely,
"['/cfb/players/jibrail-abdul-aziz-1.html', '/cfb/players/jamil-abdul-aziz-1.html']",53,likely,
"['/cfb/players/michael-divinity-jr-158.html', '/cfb/players/michael-divinity-jr-1.html']",67,likely,
"['/cfb/players/howard-houston-jr-157.html', '/cfb/players/howard-houston-jr-1.html']",54,likely,
"['/cfb/players/benjamin-snell-jr-157.html', '/cfb/players/benjamin-snell-jr-1.html']",47,likely,
"['/cfb/players/brayden-berezowitz-1.html', '/cfb/players/bryan-berezowitz-1.html']",50,likely,
"['/cfb/players/dom-williams-2.html', '/cfb/players/dj-williams-5.html']",85,unsure,mismatching names and pos_group
"['/cfb/players/travis-jordan-1.html', '/cfb/players/jordan-tavai-1.html']",63,likely,
"['/cfb/players/mark-kallenberger-1.html', '/cfb/players/jack-kallenberger-1.html']",50,likely,
"['/cfb/players/cam-miller-1.html', '/cfb/players/camren-miller-1.html']",57,unsure,mismatching names and pos_group
"['/cfb/players/talon-davis-1.html', '/cfb/players/taylor-davis-1.html']",63,likely,
"['/cfb/players/derig-king-1.html', '/cfb/players/deriq-king-1.html']",64,likely,
"['/cfb/players/joel-scarbrough-1.html', '/cfb/players/joel-scarborough-1.html']",52,likely,
"['/cfb/players/avmiel-fleming-1.html', '/cfb/players/aymiel-fleming-1.html']",50,likely,
"['/cfb/players/daniel-lewis-jr-2.html', '/cfb/players/daniel-lewis-jr-1.html']",64,likely,
"['/cfb/players/lance-austin-1.html', '/cfb/players/lawrence-austin-1.html']",78,likely,
"['/cfb/players/shelby-townsend-jr-157.html', '/cfb/players/shelby-townsend-jr-1.html']",46,likely,
"['/cfb/players/cristian-garcia-2.html', '/cfb/players/christian-garcia-1.html']",71,likely,
"['/cfb/players/shawndarrius-phillips-1.html', '/cfb/players/sahwndarrius-phillips-1.html']",44,likely,
"['/cfb/players/stantley-thomas-oliver-iii-1.html', '/cfb/players/stantley-thomas-1.html']",67,likely,
"['/cfb/players/richard-dames-1.html', '/cfb/players/rishard-dames-1.html']",70,likely,
"['/cfb/players/brad-muhammad-1.html', '/cfb/players/brad-hyman-muhammad-1.html']",54,likely,
"['/cfb/players/kamrin-solomon-1.html', '/cfb/players/kamrin-soloman-1.html']",59,likely,
"['/cfb/players/shelton-lewis-2.html', '/cfb/players/sheldon-lewis-1.html']",58,likely,
"['/cfb/players/anthony-watley-1.html', '/cfb/players/anthony-whatley-1.html']",78,likely,
"['/cfb/players/beau-bisharat-1.html', '/cfb/players/beau-bishart-1.html']",50,likely,
"['/cfb/players/jonathan-huckins-1.html', '/cfb/players/jonathan-hawkins-2.html']",55,likely,
"['/cfb/players/brooks-cunningham-2.html', '/cfb/players/greg-cunningham-jr-1.html']",80,likely,
"['/cfb/players/koy-detmer-jr-157.html', '/cfb/players/koy-detmer-jr-1.html']",50,likely,
"['/cfb/players/riley-burt-19.html', '/cfb/players/riley-burt-1.html']",52,likely,
"['/cfb/players/brayden-el-bakri-1.html', '/cfb/players/bracken-el-bakri-1.html']",48,unsure,likely not same player
"['/cfb/players/terence-williams-2.html', '/cfb/players/terrance-williams-2.html']",71,likely,
"['/cfb/players/tyler-carr-1.html', '/cfb/players/tyler-carter-1.html']",70,likely,
"['/cfb/players/trent-ellis-1.html', '/cfb/players/trent-ellis-brewer-1.html']",64,likely,
"['/cfb/players/michael-johnson-18.html', '/cfb/players/michael-henson-1.html']",86,likely,
"['/cfb/players/larry-tharpe-jr-113.html', 'custom_href/larry-tharpe-1']",56,likely,
"['/cfb/players/josh-hauser-1.html', '/cfb/players/josh-houser-1.html']",73,likely,
"['/cfb/players/akeem-davis-2.html', '/cfb/players/akeem-davis-gaither-1.html']",63,likely,
